  {
  "name": "hopo:patch_netherrack/ruins_nether",
  "fallback": "hopo:patch_netherrack/ruins_nether",
  "elements": [
    {
      "weight": 100,
      "element": {
        "element_type": "minecraft:single_pool_element",
        "location": "hopo:portal_nether/ruins/1",
        "projection": "rigid",
        "processors": "hopo:blackstonier"
      }
    },
    {
      "weight": 50,
      "element": {
        "element_type": "minecraft:single_pool_element",
        "location": "hopo:portal_nether/ruins/2",
        "projection": "rigid",
        "processors": "hopo:blackstonier"
      }
    },
    {
      "weight": 75,
      "element": {
        "element_type": "minecraft:single_pool_element",
        "location": "hopo:portal_nether/ruins/3",
        "projection": "rigid",
        "processors": "hopo:blackstonier"
      }
    },
    {
      "weight": 100,
      "element": {
        "element_type": "minecraft:single_pool_element",
        "location": "hopo:portal_nether/ruins/4",
        "projection": "rigid",
        "processors": "hopo:blackstonier"
      }
    },
    {
      "weight": 69,
      "element": {
        "element_type": "minecraft:single_pool_element",
        "location": "hopo:portal_nether/ruins/5",
        "projection": "rigid",
        "processors": "hopo:blackstonier"
      }
    },
    {
      "weight": 50,
      "element": {
        "element_type": "minecraft:single_pool_element",
        "location": "hopo:portal_nether/ruins/6",
        "projection": "rigid",
        "processors": "hopo:blackstonier"
      }
    },
    {
      "weight": 100,
      "element": {
        "element_type": "minecraft:single_pool_element",
        "location": "hopo:portal_nether/ruins/7",
        "projection": "rigid",
        "processors": "hopo:blackstonier"
      }
    },
    {
      "weight": 50,
      "element": {
        "element_type": "minecraft:single_pool_element",
        "location": "hopo:portal_nether/ruins/8",
        "projection": "rigid",
        "processors": "hopo:blackstonier"
      }
    },
    {
      "weight": 100,
      "element": {
        "element_type": "minecraft:single_pool_element",
        "location": "hopo:portal_nether/ruins/9",
        "projection": "rigid",
        "processors": "hopo:blackstonier"
      }
    },
    {
      "weight": 100,
      "element": {
        "element_type": "minecraft:single_pool_element",
        "location": "hopo:portal_nether/ruins/10",
        "projection": "rigid",
        "processors": "hopo:blackstonier"
      }
    },
    {
      "weight": 85,
      "element": {
        "element_type": "minecraft:single_pool_element",
        "location": "hopo:portal_nether/ruins/11",
        "projection": "rigid",
        "processors": "hopo:blackstonier"
      }
    },
    {
      "weight": 50,
      "element": {
        "element_type": "minecraft:single_pool_element",
        "location": "hopo:portal_nether/path/1",
        "projection": "rigid",
        "processors": "hopo:blackstonier"
      }
    },
    {
      "weight": 50,
      "element": {
        "element_type": "minecraft:single_pool_element",
        "location": "hopo:portal_nether/path/2",
        "projection": "rigid",
        "processors": "hopo:blackstonier"
      }
    },
    {
      "weight": 50,
      "element": {
        "element_type": "minecraft:single_pool_element",
        "location": "hopo:portal_nether/path/3",
        "projection": "rigid",
        "processors": "hopo:blackstonier"
      }
    }
  ]
}
