{
  "type": "minecraft:block_column",
  "config": {
    "direction": "up",
    "allowed_placement": {
      "type": "minecraft:matching_blocks",
      "blocks": [
        "minecraft:air"
      ]
    },
    "prioritize_tip": true,
    "layers": [
      {
        "height": {
          "type": "minecraft:weighted_list",
          "distribution": [
            {
              "weight": 4,
              "data": {
                "type": "minecraft:uniform",
                "value": {
                  "min_inclusive": 1,
                  "max_inclusive": 7
                }
              }
            },
            {
              "weight": 5,
              "data": {
                "type": "minecraft:uniform",
                "value": {
                  "min_inclusive": 2,
                  "max_inclusive": 4
                }
              }
            },
            {
              "weight": 10,
              "data": {
                "type": "minecraft:uniform",
                "value": {
                  "min_inclusive": 2,
                  "max_inclusive": 5
                }
              }
            }
          ]
        },
        "provider": {
          "type": "minecraft:weighted_state_provider",
          "entries": [
            {
              "weight": 1,
              "data": {
                "Name": "minecraft:budding_amethyst"
              }
            },
            {
              "weight": 9,
              "data": {
                "Name": "minecraft:amethyst_block"
              }
            }
          ]
        }
      }
    ]
  }
}
