{
  "type": "minecraft:tree",
  "config": {
    "ignore_vines": true,
    "force_dirt": false,
    "minimum_size": {
      "type": "minecraft:three_layers_feature_size",
      "limit": 1,
      "upper_limit": 1,
      "lower_size": 1,
      "middle_size": 1,
      "upper_size": 2
    },
    "dirt_provider": {
      "type": "minecraft:simple_state_provider",
      "state": {
        "Name": "minecraft:end_stone"
      }
    },
    "trunk_provider": {
      "type": "minecraft:simple_state_provider",
      "state": {
        "Name": "minecraft:stripped_warped_stem",
        "Properties": {
          "axis": "y"
        }
      }
    },
    "foliage_provider": {
      "type": "minecraft:weighted_state_provider",
      "entries": [
        {
          "weight": 1,
          "data": {
            "Name": "minecraft:budding_amethyst"
          }
        },
        {
          "weight": 19,
          "data": {
            "Name": "minecraft:amethyst_block"
          }
        }
      ]
    },
    "trunk_placer": {
      "type": "minecraft:giant_trunk_placer",
      "base_height": 16,
      "height_rand_a": 14,
      "height_rand_b": 21
    },
    "foliage_placer": {
      "type": "minecraft:fancy_foliage_placer",
      "radius": {
        "type": "minecraft:uniform",
        "value": {
          "min_inclusive": 4,
          "max_inclusive": 8
        }
      },
      "offset": 0,
      "height": 2
    },
    "decorators": [
      {
        "type": "minecraft:alter_ground",
        "provider": {
          "type": "minecraft:weighted_state_provider",
          "entries": [
            {
              "weight": 2,
              "data": {
                "Name": "minecraft:end_stone"
              }
            },
            {
              "weight": 2,
              "data": {
                "Name": "minecraft:budding_amethyst"
              }
            },
            {
              "weight": 4,
              "data": {
                "Name": "minecraft:amethyst_block"
              }
            }
          ]
        }
      },
      {
        "type": "minecraft:leave_vine",
        "probability": 0.5
      },
      {
        "type": "minecraft:attached_to_leaves",
        "probability": 0.8,
        "exclusion_radius_xz": 0,
        "exclusion_radius_y": 0,
        "required_empty_blocks": 1,
        "block_provider": {
          "type": "minecraft:simple_state_provider",
          "state": {
            "Name": "minecraft:pearlescent_froglight",
            "Properties": {
              "axis": "y"
            }
          }
        },
        "directions": [
          "down"
        ]
      }
    ]
  }
}
