{
  "type": "minecraft:vegetation_patch",
  "config": {
    "surface": "ceiling",
    "depth": {
      "type": "minecraft:uniform",
      "value": {
        "min_inclusive": 1,
        "max_inclusive": 2
      }
    },
    "vertical_range": 5,
    "extra_bottom_block_chance": 0,
    "extra_edge_column_chance": 0.3,
    "vegetation_chance": 0.02,
    "xz_radius": {
      "type": "minecraft:uniform",
      "value": {
        "min_inclusive": 4,
        "max_inclusive": 7
      }
    },
    "replaceable": "#minecraft:dragon_immune",
    "ground_state": {
      "type": "minecraft:weighted_state_provider",
      "entries": [
        {
          "weight": 1,
          "data": {
            "Name": "minecraft:end_stone"
          }
        },
        {
          "weight": 2,
          "data": {
            "Name": "minecraft:crying_obsidian"
          }
        },
        {
          "weight": 5,
          "data": {
            "Name": "minecraft:obsidian"
          }
        }
      ]
    },
    "vegetation_feature": {
      "feature": "alienend:end_tendrils",
      "placement": []
    }
  }
}
