{
  "type": "minecraft:block_column",
  "config": {
    "direction": "down",
    "allowed_placement": {
      "type": "minecraft:matching_blocks",
      "blocks": [
        "minecraft:air"
      ]
    },
    "prioritize_tip": true,
    "layers": [
      {
        "height": {
          "type": "minecraft:weighted_list",
          "distribution": [
            {
              "weight": 4,
              "data": {
                "type": "minecraft:uniform",
                "value": {
                  "min_inclusive": 5,
                  "max_inclusive": 15
                }
              }
            },
            {
              "weight": 5,
              "data": {
                "type": "minecraft:uniform",
                "value": {
                  "min_inclusive": 2,
                  "max_inclusive": 7
                }
              }
            },
            {
              "weight": 10,
              "data": {
                "type": "minecraft:uniform",
                "value": {
                  "min_inclusive": 2,
                  "max_inclusive": 5
                }
              }
            }
          ]
        },
        "provider": {
          "type": "minecraft:simple_state_provider",
          "state": {
            "Name": "minecraft:end_rod",
            "Properties": {
              "facing": "down"
            }
          }
        }
      }
    ]
  }
}
