{
  "condition": "minecraft:inverted",
  "term": {
    "condition": "minecraft:alternative",
    "terms": [
      {
        "condition": "minecraft:entity_properties",
        "entity": "this",
        "predicate": {
          "equipment": {
            "mainhand": {
              "items": [
                "minecraft:bundle"
              ],
              "nbt": "{Items:[{}],VanillaRefreshBundle:1}"
            }
          }
        }
      },
      {
        "condition": "minecraft:entity_properties",
        "entity": "this",
        "predicate": {
          "equipment": {
            "offhand": {
              "items": [
                "minecraft:bundle"
              ],
              "nbt": "{Items:[{}],VanillaRefreshBundle:1}"
            }
          }
        }
      }
    ]
  }
}
