{
  "type": "minecraft:block",
  "pools": [
    {
      "rolls": 1.0,
      "bonus_rolls": 0.0,
      "entries": [
        {
          "type": "minecraft:item",
          "functions": [
            {
              "function": "minecraft:set_count",
              "conditions": [
                {
                  "condition": "minecraft:block_state_property",
                  "block": "minecraft:cocoa",
                  "properties": {
                    "age": "2"
                  }
                }
              ],
              "count": 3.0,
              "add": false
            },
            {
              "function": "minecraft:explosion_decay"
            },
            {
              "function": "set_nbt",
              "tag": "{seed:1,facing:east}",
              "conditions": [
                {
                  "condition": "minecraft:block_state_property",
                  "block": "minecraft:cocoa",
                  "properties": {
                    "facing": "east",
                    "age": "2"
                  }
                },
                {
                  "condition": "minecraft:location_check",
                  "offsetX": 1,
                  "predicate": {
                    "block": {
                      "tag": "minecraft:jungle_logs"
                    }
                  }
                }
              ]
            },
            {
              "function": "set_nbt",
              "tag": "{seed:1,facing:north}",
              "conditions": [
                {
                  "condition": "minecraft:block_state_property",
                  "block": "minecraft:cocoa",
                  "properties": {
                    "facing": "north",
                    "age": "2"
                  }
                },
                {
                  "condition": "minecraft:location_check",
                  "offsetZ": -1,
                  "predicate": {
                    "block": {
                      "tag": "minecraft:jungle_logs"
                    }
                  }
                }
              ]
            },
            {
              "function": "set_nbt",
              "tag": "{seed:1,facing:south}",
              "conditions": [
                {
                  "condition": "minecraft:block_state_property",
                  "block": "minecraft:cocoa",
                  "properties": {
                    "facing": "south",
                    "age": "2"
                  }
                },
                {
                  "condition": "minecraft:location_check",
                  "offsetZ": 1,
                  "predicate": {
                    "block": {
                      "tag": "minecraft:jungle_logs"
                    }
                  }
                }
              ]
            },
            {
              "function": "set_nbt",
              "tag": "{seed:1,facing:west}",
              "conditions": [
                {
                  "condition": "minecraft:block_state_property",
                  "block": "minecraft:cocoa",
                  "properties": {
                    "facing": "west",
                    "age": "2"
                  }
                },
                {
                  "condition": "minecraft:location_check",
                  "offsetX": -1,
                  "predicate": {
                    "block": {
                      "tag": "minecraft:jungle_logs"
                    }
                  }
                }
              ]
            }
          ],
          "name": "minecraft:cocoa_beans"
        }
      ]
    }
  ]
}