{
  "type": "minecraft:block",
  "pools": [
    {
      "rolls": 1.0,
      "bonus_rolls": 0.0,
      "entries": [
        {
          "type": "minecraft:item",
          "functions": [
            {
              "function": "minecraft:set_count",
              "conditions": [
                {
                  "condition": "minecraft:block_state_property",
                  "block": "minecraft:nether_wart",
                  "properties": {
                    "age": "3"
                  }
                }
              ],
              "count": {
                "type": "minecraft:uniform",
                "min": 2.0,
                "max": 4.0
              },
              "add": false
            },
            {
              "function": "minecraft:apply_bonus",
              "conditions": [
                {
                  "condition": "minecraft:block_state_property",
                  "block": "minecraft:nether_wart",
                  "properties": {
                    "age": "3"
                  }
                }
              ],
              "enchantment": "minecraft:fortune",
              "formula": "minecraft:uniform_bonus_count",
              "parameters": {
                "bonusMultiplier": 1
              }
            }
          ],
          "name": "minecraft:nether_wart"
        }
      ],
      "functions": [
        {
          "function": "minecraft:explosion_decay"
        },
        {
          "function": "set_nbt",
          "tag": "{seed:1}",
          "conditions": [
            {
              "condition": "minecraft:block_state_property",
              "block": "minecraft:nether_wart",
              "properties": {
                "age": "3"
              }
            },
            {
              "condition": "minecraft:location_check",
              "offsetY": -1,
              "predicate": {
                "block": {
                  "blocks": [
                    "minecraft:soul_sand"
                  ]
                }
              }
            }
          ]
        }
      ]
    }
  ]
}