{
  "name": "revampedvillages:desert/pool",
  "fallback": "minecraft:empty",
  "elements": [
	{
      "weight": 20,
      "element": {
        "location": "revampedvillages:desert/center/well",
        "processors": "minecraft:empty",
		"projection": "rigid",
        "element_type": "minecraft:single_pool_element"
      }
    },
    {
      "weight": 20,
      "element": {
        "location": "revampedvillages:desert/center/fountain",
        "processors": "minecraft:empty",
		"projection": "rigid",
        "element_type": "minecraft:single_pool_element"
      }
    },
    {
      "weight": 20,
      "element": {
        "location": "revampedvillages:desert/center/market",
        "processors": "minecraft:empty",
		"projection": "rigid",
        "element_type": "minecraft:single_pool_element"
      }
    }
  ]
}

