{
	"replace": false,
	"values": [
		"minecraft:air",
		"minecraft:cave_air",
		{"id": "minecraft:light", "required": false},
		"minecraft:water",
		"minecraft:bubble_column",
		"minecraft:moving_piston",
		"minecraft:structure_void",
		"#minecraft:saplings",
		"minecraft:bamboo_sapling",
		"#minecraft:corals",
		"#minecraft:wall_corals",
		"#spawnanimations:dead_corals",
		"minecraft:sea_pickle",
		"minecraft:kelp_plant",
		"#minecraft:flowers",
		"#minecraft:flower_pots",
		"#minecraft:crops",
		{"id": "minecraft:pitcher_crop", "required": false},
		"minecraft:cocoa",
		"minecraft:sweet_berry_bush",
		"minecraft:nether_wart",
		"minecraft:crimson_fungus",
		"minecraft:crimson_roots",
		"minecraft:warped_fungus",
		"minecraft:warped_roots",
		"minecraft:nether_sprouts",
		"minecraft:brown_mushroom",
		"minecraft:red_mushroom",
		"#minecraft:flowers",
		"minecraft:grass",
		"minecraft:tall_grass",
		"minecraft:sunflower",
		"minecraft:lilac",
		"minecraft:peony",
		"minecraft:rose_bush",
		"minecraft:large_fern",
		"minecraft:fern",
		"minecraft:lily_pad",
		"minecraft:vine",
		"minecraft:moss_carpet",
		"minecraft:big_dripleaf_stem",
		"minecraft:small_dripleaf",
		{"id": "minecraft:pink_petals", "required": false},
		"minecraft:dead_bush",
		"minecraft:torch",
		"minecraft:wall_torch",
		"minecraft:soul_torch",
		"minecraft:soul_wall_torch",
		"minecraft:redstone_torch",
		"minecraft:redstone_wall_torch",
		"minecraft:snow",
		"minecraft:pointed_dripstone",
		"minecraft:small_amethyst_bud",
		"#minecraft:candles",
		"minecraft:chain",
		"minecraft:ladder",
		"minecraft:fire",
		"#minecraft:banners",
		"minecraft:campfire",
		"minecraft:lantern",
		"minecraft:redstone_wire",
		"minecraft:daylight_detector",
		"minecraft:lever",
		"minecraft:tripwire",
		"minecraft:tripwire_hook",
		"minecraft:comparator",
		"minecraft:daylight_detector",
		"minecraft:repeater",
		"#minecraft:pressure_plates",
		"#minecraft:buttons",
		"#minecraft:rails",
		"#minecraft:doors",
		{"id": "#minecraft:wool_carpets", "required": false},
		"minecraft:cobweb",
		"#minecraft:signs",
		"#minecraft:portals",
		"#minecraft:trapdoors",
		"minecraft:sugar_cane",
		"minecraft:composter",
		"#minecraft:climbable"
	]
}
