{
  "temperature": 0.5,
  "downfall": 0.5,
  "has_precipitation": false,
  "effects": {
    "sky_color": 0,
    "fog_color": 10518688,
    "water_color": 4159204,
    "water_fog_color": 329011,
    "foliage_color": 11026374,
    "mood_sound": {
      "sound": "minecraft:ambient.cave",
      "tick_delay": 6000,
      "block_search_extent": 8,
      "offset": 2
    }
  },
  "spawners": {
    "ambient": [],
    "axolotls": [],
    "creature": [],
    "misc": [],
    "monster": [
      {
        "type": "minecraft:endermite",
        "weight": 5,
        "minCount": 2,
        "maxCount": 6
      },
      {
        "type": "minecraft:enderman",
        "weight": 10,
        "minCount": 4,
        "maxCount": 4
      }
    ],
    "underground_water_creature": [],
    "water_ambient": [],
    "water_creature": []
  },
  "spawn_costs": {},
  "carvers": {},
  "features": [
    [],
    [],
    [
      "alienend:end_geode"
    ],
    [],
    [
      "minecraft:end_gateway_return"
    ],
    [],
    [],
    [],
    [],
    [
      "alienend:end_bottom",
      "alienend:end_trees",
      "alienend:small_end_trees",
      "alienend:obsidian_boulder",
      "alienend:amethyst_clusters",
      "alienend:forest_floor",
      "minecraft:chorus_plant"
    ]
  ]
}
